<?xml version="1.0" encoding="UTF-8"?>
<!DOCTYPE plist PUBLIC "-//Apple//DTD PLIST 1.0//EN" "http://www.apple.com/DTDs/PropertyList-1.0.dtd">
<plist version="1.0">
<dict>
	<key>Application Build Version</key>
	<string>1.0 (8)</string>
	<key>Capture Time</key>
	<string>20220408010908</string>
	<key>Customer ID</key>
	<string>1</string>
	<key>Device ID</key>
	<string>BF1804CF-8F79-4EE7-8E37-2487AA3F9F1C</string>
	<key>Device Model</key>
	<string>iPhone14,3</string>
	<key>Scan Name</key>
	<string>08_Apr,_2022-01:09:02_AM</string>
	<key>Scan Properties</key>
	<dict>
		<key>density</key>
		<real>0.004999999888241291</real>
		<key>depth_map_resolution</key>
		<integer>256</integer>
		<key>is2MinVideo</key>
		<false/>
		<key>isLongVideo</key>
		<false/>
		<key>isVeryLongVideo</key>
		<false/>
		<key>processingOn</key>
		<string>phone</string>
		<key>scaleUnit</key>
		<string>m</string>
		<key>targetDetection</key>
		<false/>
		<key>target_scale</key>
		<real>0.0</real>
	</dict>
	<key>Scan Type</key>
	<string>Lidar Fusion Scan</string>
	<key>User ID</key>
	<string>122</string>
	<key>iOS Version</key>
	<string>15.3</string>
	<key>version</key>
	<string>V3</string>
</dict>
</plist>
